{"cameraMode":{"drawMode":0,"name":"Shaded","section":"Shading Mode"},"sceneLighting":true,"audioPlay":false,"sceneViewState":{"m_AlwaysRefresh":false,"showFog":true,"showSkybox":true,"showFlares":true,"showImageEffects":true,"showParticleSystems":true,"showVisualEffectGraphs":true,"m_FxEnabled":true},"in2DMode":false,"pivot":{"x":18.809600830078126,"y":20.89727783203125,"z":-41.755489349365237},"rotation":{"x":0.24963857233524323,"y":0.06414348632097244,"z":-0.016285575926303865,"w":0.9658830165863037},"size":21.486736297607423,"orthographic":true}